{
	"format_version": "1.8.0",
	"animations": {
		"fire": {
			"loop": true,
			"animation_length": 0.25,
			"bones": {
				"palm": {
					"rotation": {
						"0.0": [1.46821, 12.83196, -270.52613],
						"0.1667": [1.52665, 20.32941, -270.32178],
						"0.25": [1.46821, 12.83196, -270.52613]
					},
					"position": [0, 2, 3]
				},
				"middle_finger": {
					"rotation": {
						"0.0": [-2.5, 0, 0],
						"0.25": [-2.5, 0, 0]
					}
				},
				"middle_tip": {
					"rotation": {
						"0.0": [-7.5, 0, 0],
						"0.25": [-7.5, 0, 0]
					}
				},
				"index_finger": {
					"rotation": {
						"0.0": [-7.52363, 2.16489, -1.2506],
						"0.25": [-7.52363, 2.16489, -1.2506]
					}
				},
				"index_tip": {
					"rotation": {
						"0.0": [0, 0, 0],
						"0.25": [0, 0, 0]
					}
				},
				"pinky_finger": {
					"rotation": {
						"0.0": [-75.02686, -1.60667, 1.91561],
						"0.25": [-75.02686, -1.60667, 1.91561]
					}
				},
				"pinky_tip": {
					"rotation": {
						"0.0": [-87.5, 0, 0],
						"0.25": [-87.5, 0, 0]
					}
				},
				"thumb_finger": {
					"rotation": {
						"0.0": [-13.64739, 22.13627, -11.61027],
						"0.25": [-13.64739, 22.13627, -11.61027]
					}
				},
				"thumb_tip": {
					"rotation": {
						"0.0": [0, -55, 0],
						"0.25": [0, -55, 0]
					}
				}
			}
		}
	}
}