{
	"format_version": "1.8.0",
	"animations": {
		"turn to shoot": {
			"animation_length": 0.66667,
			"bones": {
				"palm": {
					"rotation": {
						"0.0": [-67.80358, 17.89117, -342.95561],
						"0.2083": [-10.94677, 22.82851, -270.24954],
						"0.375": [1.46821, 12.83196, -270.52613]
					},
					"position": [-2, 0, -11]
				},
				"middle_finger": {
					"rotation": {
						"0.0": [-22.5, 0, 0],
						"0.1667": [-17.5, 0, 0],
						"0.375": [-2.5, 0, 0]
					}
				},
				"middle_tip": {
					"rotation": {
						"0.0": [-60, 0, 0],
						"0.25": [-55, 0, 0],
						"0.375": [-7.5, 0, 0]
					}
				},
				"index_finger": {
					"rotation": {
						"0.0": [-30.02363, 2.16489, -1.2506],
						"0.2083": [-25.02363, 2.16489, -1.2506],
						"0.375": [-7.52363, 2.16489, -1.2506]
					}
				},
				"index_tip": {
					"rotation": {
						"0.0": [-45, 0, 0],
						"0.2083": [-40, 0, 0],
						"0.375": [0, 0, 0]
					}
				},
				"pinky_finger": {
					"rotation": {
						"0.0": [-50.02686, -1.60667, 1.91561],
						"0.2083": [-55.02686, -1.60667, 1.91561],
						"0.375": [-75.02686, -1.60667, 1.91561]
					}
				},
				"pinky_tip": {
					"rotation": {
						"0.0": [-45, 0, 0],
						"0.2083": [-50, 0, 0],
						"0.375": [-87.5, 0, 0]
					}
				},
				"thumb_finger": {
					"rotation": {
						"0.0": [-77.51152, 0.54094, -2.44081],
						"0.0417": [-65.13787, 2.64922, -6.97661],
						"0.375": [-13.64739, 22.13627, -11.61027]
					}
				},
				"thumb_tip": {
					"rotation": {
						"0.0": [0, -15, 0],
						"0.125": [0, -22.5, 0],
						"0.375": [0, -55, 0]
					}
				}
			}
		}
	}
}