{
	"format_version": "1.8.0",
	"animations": {
		"default": {
			"loop": true,
			"animation_length": 2,
			"bones": {
				"palm": {
					"rotation": {
						"0.0": [-67.80358, 17.89117, -342.95561],
						"1.0": [-70.30358, 17.89117, -342.95561],
						"2.0": [-67.80358, 17.89117, -342.95561]
					},
					"position": {
						"0.0": [-2, 0, -11],
						"2.0": [-2, 0, -11]
					}
				},
				"middle_finger": {
					"rotation": {
						"0.0": [-22.5, 0, 0],
						"1.0": [-27.5, 0, 0],
						"2.0": [-22.5, 0, 0]
					}
				},
				"middle_tip": {
					"rotation": {
						"0.0": [-60, 0, 0],
						"1.0": [-65, 0, 0],
						"2.0": [-60, 0, 0]
					}
				},
				"index_finger": {
					"rotation": {
						"0.0": [-30.02363, 2.16489, -1.2506],
						"1.0": [-35, 0, 0],
						"2.0": [-30.02363, 2.16489, -1.2506]
					}
				},
				"index_tip": {
					"rotation": {
						"0.0": [-45, 0, 0],
						"1.0": [-50, 0, 0],
						"2.0": [-45, 0, 0]
					}
				},
				"pinky_finger": {
					"rotation": {
						"0.0": [-50.02686, -1.60667, 1.91561],
						"1.0": [-55, 0, 0],
						"2.0": [-50.02686, -1.60667, 1.91561]
					}
				},
				"pinky_tip": {
					"rotation": {
						"0.0": [-45, 0, 0],
						"1.0": [-50, 0, 0],
						"2.0": [-45, 0, 0]
					}
				},
				"thumb_finger": {
					"rotation": {
						"0.0": [-77.51152, 0.54094, -2.44081],
						"1.0": [-77.54608, -1.08089, 4.88206],
						"2.0": [-77.51152, 0.54094, -2.44081]
					}
				},
				"thumb_tip": {
					"rotation": {
						"0.0": [0, -15, 0],
						"1.0": [0, -20, 0],
						"2.0": [0, -15, 0]
					}
				}
			}
		}
	}
}