{
	"format_version": "1.8.0",
	"animations": {
		"turn from shoot": {
			"animation_length": 0.5,
			"bones": {
				"palm": {
					"rotation": {
						"0.0": [1.46821, 12.83196, -270.52613],
						"0.5": [-67.80358, 17.89117, -342.95561]
					},
					"position": [-2, 0, -11]
				},
				"middle_finger": {
					"rotation": {
						"0.0": [-2.5, 0, 0],
						"0.5": [-22.5, 0, 0]
					}
				},
				"middle_tip": {
					"rotation": {
						"0.0": [-7.5, 0, 0],
						"0.5": [-60, 0, 0]
					}
				},
				"index_finger": {
					"rotation": {
						"0.0": [-7.52363, 2.16489, -1.2506],
						"0.5": [-30.02363, 2.16489, -1.2506]
					}
				},
				"index_tip": {
					"rotation": {
						"0.0": [0, 0, 0],
						"0.5": [-45, 0, 0]
					}
				},
				"pinky_finger": {
					"rotation": {
						"0.0": [-75.02686, -1.60667, 1.91561],
						"0.5": [-50.02686, -1.60667, 1.91561]
					}
				},
				"pinky_tip": {
					"rotation": {
						"0.0": [-87.5, 0, 0],
						"0.5": [-45, 0, 0]
					}
				},
				"thumb_finger": {
					"rotation": {
						"0.0": [-13.64739, 22.13627, -11.61027],
						"0.5": [-77.51152, 0.54094, -2.44081]
					}
				},
				"thumb_tip": {
					"rotation": {
						"0.0": [0, -55, 0],
						"0.5": [0, -15, 0]
					}
				}
			}
		}
	}
}